-- phpMyAdmin SQL Dump
-- version 4.6.4
-- https://www.phpmyadmin.net/
--
-- Client :  127.0.0.1
-- Généré le :  Lun 26 Juin 2017 à 06:45
-- Version du serveur :  5.7.17-log
-- Version de PHP :  5.6.25

SET SQL_MODE = "NO_AUTO_VALUE_ON_ZERO";
SET time_zone = "+00:00";


/*!40101 SET @OLD_CHARACTER_SET_CLIENT=@@CHARACTER_SET_CLIENT */;
/*!40101 SET @OLD_CHARACTER_SET_RESULTS=@@CHARACTER_SET_RESULTS */;
/*!40101 SET @OLD_COLLATION_CONNECTION=@@COLLATION_CONNECTION */;
/*!40101 SET NAMES utf8mb4 */;

--
-- Base de données :  `javaproject`
--

DELIMITER $$
--
-- Procédures
--
CREATE DEFINER=`root`@`localhost` PROCEDURE `findAllExamples` ()  NO SQL
SELECT id, name
FROM example$$

CREATE DEFINER=`root`@`localhost` PROCEDURE `findExampleById` (IN `id` INT)  NO SQL
SELECT id, name
FROM example
WHERE example.id = id$$

CREATE DEFINER=`root`@`localhost` PROCEDURE `findExampleByName` (IN `name` VARCHAR(255))  NO SQL
SELECT id, name
FROM example
WHERE example.name = name$$

CREATE DEFINER=`root`@`localhost` PROCEDURE `getElement` (IN `level` INT, IN `x` INT, IN `y` INT)  NO SQL
SELECT element FROM `level` WHERE `column` = x AND `line` = y$$

CREATE DEFINER=`root`@`localhost` PROCEDURE `getLine` (IN `level` INT, IN `line` INT)  NO SQL
SELECT `elements` FROM `level2` WHERE `levelnum` = `level` AND `linenum` = `line`$$

CREATE DEFINER=`root`@`localhost` PROCEDURE `getMap` (IN `levelnum` INT)  NO SQL
SELECT map FROM level3 WHERE `level` = levelnum$$

CREATE DEFINER=`root`@`localhost` PROCEDURE `getMapHeight` (IN `numlevel` INT)  NO SQL
SELECT `Height` FROM `infolevel` WHERE `level` = numlevel$$

CREATE DEFINER=`root`@`localhost` PROCEDURE `getMapWidth` (IN `numlevel` INT)  NO SQL
SELECT `Width` FROM `infolevel` WHERE `level` = numlevel$$

CREATE DEFINER=`root`@`localhost` PROCEDURE `saveLine` (IN `elements` VARCHAR(100), IN `level` INT, IN `line` INT)  NO SQL
INSERT INTO `level2`(`levelnum`, `linenum`, `elements`) VALUES (level,line,elements)$$

CREATE DEFINER=`root`@`localhost` PROCEDURE `saveMapElement` (IN `levelnum` INT, IN `line` INT, IN `columnnum` INT, IN `element` VARCHAR(1))  INSERT INTO `level`(`levelNum`, `line`, `column`,`element`) VALUES (levelnum, line, columnnum, element)$$

CREATE DEFINER=`root`@`localhost` PROCEDURE `saveMapSize` (IN `levelnum` INT, IN `y` INT, IN `x` INT)  NO SQL
INSERT INTO `infolevel`(`Level`, `Height`, `Width`) VALUES (levelnum, y ,x)$$

DELIMITER ;

-- --------------------------------------------------------

--
-- Structure de la table `example`
--

CREATE TABLE `example` (
  `id` int(11) NOT NULL,
  `name` varchar(255) NOT NULL
) ENGINE=InnoDB DEFAULT CHARSET=latin1;

--
-- Contenu de la table `example`
--

INSERT INTO `example` (`id`, `name`) VALUES
(1, 'Example 1'),
(2, 'Example 2'),
(3, 'Example 3'),
(4, 'Exmaple 4'),
(5, 'exemple5');

-- --------------------------------------------------------

--
-- Structure de la table `infolevel`
--

CREATE TABLE `infolevel` (
  `Level` int(11) NOT NULL,
  `Height` int(11) NOT NULL,
  `Width` int(11) NOT NULL
) ENGINE=InnoDB DEFAULT CHARSET=utf8;

--
-- Contenu de la table `infolevel`
--

INSERT INTO `infolevel` (`Level`, `Height`, `Width`) VALUES
(1, 28, 48),
(2, 1, 5);

-- --------------------------------------------------------

--
-- Structure de la table `level`
--

CREATE TABLE `level` (
  `levelNum` int(11) NOT NULL,
  `line` int(11) NOT NULL,
  `column` int(11) NOT NULL,
  `element` varchar(1) NOT NULL
) ENGINE=InnoDB DEFAULT CHARSET=utf8;

--
-- Contenu de la table `level`
--

INSERT INTO `level` (`levelNum`, `line`, `column`, `element`) VALUES
(1, 1, 1, 'M'),
(1, 1, 2, 'M'),
(1, 1, 3, 'M'),
(1, 1, 4, 'M'),
(1, 1, 5, 'M'),
(1, 1, 6, 'M'),
(1, 1, 7, 'M'),
(1, 1, 8, 'M'),
(1, 1, 9, 'M'),
(1, 1, 10, 'M'),
(1, 1, 11, 'M'),
(1, 1, 12, 'M'),
(1, 1, 13, 'M'),
(1, 1, 14, 'M'),
(1, 1, 15, 'M'),
(1, 1, 16, 'M'),
(1, 1, 17, 'M'),
(1, 1, 18, 'M'),
(1, 1, 19, 'M'),
(1, 1, 20, 'M'),
(1, 1, 21, 'M'),
(1, 1, 22, 'M'),
(1, 1, 23, 'M'),
(1, 1, 24, 'M'),
(1, 1, 25, 'M'),
(1, 1, 26, 'M'),
(1, 1, 27, 'M'),
(1, 1, 28, 'M'),
(1, 1, 29, 'M'),
(1, 1, 30, 'M'),
(1, 1, 31, 'M'),
(1, 1, 32, 'M'),
(1, 1, 33, 'M'),
(1, 1, 34, 'M'),
(1, 1, 35, 'M'),
(1, 1, 36, 'M'),
(1, 1, 37, 'M'),
(1, 1, 38, 'M'),
(1, 1, 39, 'M'),
(1, 1, 40, 'M'),
(1, 1, 41, 'M'),
(1, 1, 42, 'M'),
(1, 1, 43, 'M'),
(1, 1, 44, 'M'),
(1, 1, 45, 'M'),
(1, 1, 46, 'M'),
(1, 1, 47, 'M'),
(1, 1, 48, 'M'),
(1, 2, 1, 'M'),
(1, 2, 2, 'M'),
(1, 2, 3, 'M'),
(1, 2, 4, 'M'),
(1, 2, 5, 'M'),
(1, 2, 6, 'M'),
(1, 2, 7, 'M'),
(1, 2, 8, 'M'),
(1, 2, 9, 'M'),
(1, 2, 10, 'M'),
(1, 2, 11, 'M'),
(1, 2, 12, 'M'),
(1, 2, 13, 'M'),
(1, 2, 14, 'M'),
(1, 2, 15, 'M'),
(1, 2, 16, 'M'),
(1, 2, 17, 'M'),
(1, 2, 18, 'M'),
(1, 2, 19, 'M'),
(1, 2, 20, 'M'),
(1, 2, 21, 'M'),
(1, 2, 22, 'M'),
(1, 2, 23, 'M'),
(1, 2, 24, 'M'),
(1, 2, 25, 'M'),
(1, 2, 26, 'M'),
(1, 2, 27, 'M'),
(1, 2, 28, 'M'),
(1, 2, 29, 'M'),
(1, 2, 30, 'M'),
(1, 2, 31, 'M'),
(1, 2, 32, 'M'),
(1, 2, 33, 'M'),
(1, 2, 34, 'M'),
(1, 2, 35, 'M'),
(1, 2, 36, 'M'),
(1, 2, 37, 'M'),
(1, 2, 38, 'M'),
(1, 2, 39, 'M'),
(1, 2, 40, 'M'),
(1, 2, 41, 'M'),
(1, 2, 42, 'M'),
(1, 2, 43, 'M'),
(1, 2, 44, 'M'),
(1, 2, 45, 'M'),
(1, 2, 46, 'M'),
(1, 2, 47, 'M'),
(1, 2, 48, 'M'),
(1, 3, 1, 'M'),
(1, 3, 2, 'M'),
(1, 3, 3, 'M'),
(1, 3, 4, 'M'),
(1, 3, 5, 'M'),
(1, 3, 6, 'M'),
(1, 3, 7, 'M'),
(1, 3, 8, 'M'),
(1, 3, 9, 'M'),
(1, 3, 10, 'M'),
(1, 3, 11, 'M'),
(1, 3, 12, 'M'),
(1, 3, 13, 'M'),
(1, 3, 14, 'M'),
(1, 3, 15, 'M'),
(1, 3, 16, 'M'),
(1, 3, 17, 'M'),
(1, 3, 18, 'M'),
(1, 3, 19, 'M'),
(1, 3, 20, 'M'),
(1, 3, 21, 'M'),
(1, 3, 22, 'M'),
(1, 3, 23, 'M'),
(1, 3, 24, 'M'),
(1, 3, 25, 'M'),
(1, 3, 26, 'M'),
(1, 3, 27, 'M'),
(1, 3, 28, 'M'),
(1, 3, 29, 'M'),
(1, 3, 30, 'M'),
(1, 3, 31, 'M'),
(1, 3, 32, 'M'),
(1, 3, 33, 'M'),
(1, 3, 34, 'M'),
(1, 3, 35, 'M'),
(1, 3, 36, 'M'),
(1, 3, 37, 'M'),
(1, 3, 38, 'M'),
(1, 3, 39, 'M'),
(1, 3, 40, 'M'),
(1, 3, 41, 'M'),
(1, 3, 42, 'M'),
(1, 3, 43, 'M'),
(1, 3, 44, 'M'),
(1, 3, 45, 'M'),
(1, 3, 46, 'M'),
(1, 3, 47, 'M'),
(1, 3, 48, 'M'),
(1, 4, 1, 'M'),
(1, 4, 2, 'M'),
(1, 4, 3, 'M'),
(1, 4, 4, 'M'),
(1, 4, 5, '|'),
(1, 4, 6, '|'),
(1, 4, 7, '|'),
(1, 4, 8, '|'),
(1, 4, 9, '|'),
(1, 4, 10, '|'),
(1, 4, 11, '|'),
(1, 4, 12, '|'),
(1, 4, 13, '|'),
(1, 4, 14, '|'),
(1, 4, 15, '|'),
(1, 4, 16, '|'),
(1, 4, 17, '|'),
(1, 4, 18, '|'),
(1, 4, 19, '|'),
(1, 4, 20, '|'),
(1, 4, 21, '|'),
(1, 4, 22, '|'),
(1, 4, 23, '|'),
(1, 4, 24, '|'),
(1, 4, 25, '|'),
(1, 4, 26, '|'),
(1, 4, 27, '|'),
(1, 4, 28, '|'),
(1, 4, 29, '|'),
(1, 4, 30, '|'),
(1, 4, 31, '|'),
(1, 4, 32, '|'),
(1, 4, 33, '|'),
(1, 4, 34, '|'),
(1, 4, 35, '|'),
(1, 4, 36, '|'),
(1, 4, 37, '|'),
(1, 4, 38, '|'),
(1, 4, 39, '|'),
(1, 4, 40, '|'),
(1, 4, 41, '|'),
(1, 4, 42, '|'),
(1, 4, 43, '|'),
(1, 4, 44, '|'),
(1, 4, 45, 'M'),
(1, 4, 46, 'M'),
(1, 4, 47, 'M'),
(1, 4, 48, 'M'),
(1, 5, 1, 'M'),
(1, 5, 2, 'M'),
(1, 5, 3, 'M'),
(1, 5, 4, 'M'),
(1, 5, 5, '|'),
(1, 5, 6, 'M'),
(1, 5, 7, 'M'),
(1, 5, 8, 'M'),
(1, 5, 9, 'M'),
(1, 5, 10, 'M'),
(1, 5, 11, 'M'),
(1, 5, 12, '_'),
(1, 5, 13, 'M'),
(1, 5, 14, 'M'),
(1, 5, 15, 'D'),
(1, 5, 16, 'M'),
(1, 5, 17, 'O'),
(1, 5, 18, '_'),
(1, 5, 19, 'M'),
(1, 5, 20, 'M'),
(1, 5, 21, 'M'),
(1, 5, 22, 'M'),
(1, 5, 23, 'M'),
(1, 5, 24, 'O'),
(1, 5, 25, 'M'),
(1, 5, 26, 'O'),
(1, 5, 27, 'M'),
(1, 5, 28, 'M'),
(1, 5, 29, 'M'),
(1, 5, 30, 'M'),
(1, 5, 31, 'M'),
(1, 5, 32, 'M'),
(1, 5, 33, 'M'),
(1, 5, 34, '_'),
(1, 5, 35, 'M'),
(1, 5, 36, 'M'),
(1, 5, 37, 'M'),
(1, 5, 38, 'M'),
(1, 5, 39, 'O'),
(1, 5, 40, 'M'),
(1, 5, 41, 'M'),
(1, 5, 42, 'M'),
(1, 5, 43, 'M'),
(1, 5, 44, '|'),
(1, 5, 45, 'M'),
(1, 5, 46, 'M'),
(1, 5, 47, 'M'),
(1, 5, 48, 'M'),
(1, 6, 1, 'M'),
(1, 6, 2, 'M'),
(1, 6, 3, 'M'),
(1, 6, 4, 'M'),
(1, 6, 5, '|'),
(1, 6, 6, 'M'),
(1, 6, 7, 'O'),
(1, 6, 8, 'H'),
(1, 6, 9, 'O'),
(1, 6, 10, 'M'),
(1, 6, 11, 'M'),
(1, 6, 12, 'M'),
(1, 6, 13, 'M'),
(1, 6, 14, 'M'),
(1, 6, 15, 'M'),
(1, 6, 16, '_'),
(1, 6, 17, 'M'),
(1, 6, 18, 'M'),
(1, 6, 19, 'M'),
(1, 6, 20, 'M'),
(1, 6, 21, 'M'),
(1, 6, 22, 'M'),
(1, 6, 23, 'M'),
(1, 6, 24, 'M'),
(1, 6, 25, 'M'),
(1, 6, 26, 'O'),
(1, 6, 27, 'D'),
(1, 6, 28, 'M'),
(1, 6, 29, 'M'),
(1, 6, 30, 'O'),
(1, 6, 31, 'M'),
(1, 6, 32, 'M'),
(1, 6, 33, 'M'),
(1, 6, 34, 'M'),
(1, 6, 35, '_'),
(1, 6, 36, 'M'),
(1, 6, 37, 'M'),
(1, 6, 38, 'M'),
(1, 6, 39, 'M'),
(1, 6, 40, 'M'),
(1, 6, 41, '_'),
(1, 6, 42, 'M'),
(1, 6, 43, 'M'),
(1, 6, 44, '|'),
(1, 6, 45, 'M'),
(1, 6, 46, 'M'),
(1, 6, 47, 'M'),
(1, 6, 48, 'M'),
(1, 7, 1, 'M'),
(1, 7, 2, 'M'),
(1, 7, 3, 'M'),
(1, 7, 4, 'M'),
(1, 7, 5, '|'),
(1, 7, 6, 'M'),
(1, 7, 7, 'M'),
(1, 7, 8, 'M'),
(1, 7, 9, 'M'),
(1, 7, 10, 'M'),
(1, 7, 11, 'M'),
(1, 7, 12, 'M'),
(1, 7, 13, 'M'),
(1, 7, 14, 'M'),
(1, 7, 15, 'M'),
(1, 7, 16, '_'),
(1, 7, 17, 'M'),
(1, 7, 18, 'M'),
(1, 7, 19, '_'),
(1, 7, 20, 'M'),
(1, 7, 21, 'M'),
(1, 7, 22, 'M'),
(1, 7, 23, 'M'),
(1, 7, 24, 'M'),
(1, 7, 25, 'O'),
(1, 7, 26, 'M'),
(1, 7, 27, 'O'),
(1, 7, 28, 'M'),
(1, 7, 29, 'M'),
(1, 7, 30, 'O'),
(1, 7, 31, 'M'),
(1, 7, 32, 'M'),
(1, 7, 33, 'M'),
(1, 7, 34, 'M'),
(1, 7, 35, 'M'),
(1, 7, 36, 'M'),
(1, 7, 37, 'M'),
(1, 7, 38, 'M'),
(1, 7, 39, 'O'),
(1, 7, 40, 'M'),
(1, 7, 41, 'M'),
(1, 7, 42, 'M'),
(1, 7, 43, 'M'),
(1, 7, 44, '|'),
(1, 7, 45, 'M'),
(1, 7, 46, 'M'),
(1, 7, 47, 'M'),
(1, 7, 48, 'M'),
(1, 8, 1, 'M'),
(1, 8, 2, 'M'),
(1, 8, 3, 'M'),
(1, 8, 4, 'M'),
(1, 8, 5, '|'),
(1, 8, 6, 'O'),
(1, 8, 7, 'M'),
(1, 8, 8, '_'),
(1, 8, 9, '_'),
(1, 8, 10, 'M'),
(1, 8, 11, 'M'),
(1, 8, 12, 'M'),
(1, 8, 13, 'M'),
(1, 8, 14, 'M'),
(1, 8, 15, 'M'),
(1, 8, 16, 'M'),
(1, 8, 17, 'M'),
(1, 8, 18, 'M'),
(1, 8, 19, 'O'),
(1, 8, 20, 'M'),
(1, 8, 21, 'M'),
(1, 8, 22, 'M'),
(1, 8, 23, 'M'),
(1, 8, 24, 'M'),
(1, 8, 25, 'M'),
(1, 8, 26, 'O'),
(1, 8, 27, 'M'),
(1, 8, 28, 'M'),
(1, 8, 29, 'O'),
(1, 8, 30, 'M'),
(1, 8, 31, 'M'),
(1, 8, 32, 'M'),
(1, 8, 33, 'M'),
(1, 8, 34, 'O'),
(1, 8, 35, 'M'),
(1, 8, 36, 'M'),
(1, 8, 37, 'M'),
(1, 8, 38, 'O'),
(1, 8, 39, 'M'),
(1, 8, 40, 'M'),
(1, 8, 41, 'M'),
(1, 8, 42, 'M'),
(1, 8, 43, 'M'),
(1, 8, 44, '|'),
(1, 8, 45, 'M'),
(1, 8, 46, 'M'),
(1, 8, 47, 'M'),
(1, 8, 48, 'M'),
(1, 9, 1, 'M'),
(1, 9, 2, 'M'),
(1, 9, 3, 'M'),
(1, 9, 4, 'M'),
(1, 9, 5, '|'),
(1, 9, 6, 'O'),
(1, 9, 7, 'M'),
(1, 9, 8, 'O'),
(1, 9, 9, 'O'),
(1, 9, 10, 'M'),
(1, 9, 11, 'M'),
(1, 9, 12, 'M'),
(1, 9, 13, 'M'),
(1, 9, 14, 'M'),
(1, 9, 15, 'M'),
(1, 9, 16, 'M'),
(1, 9, 17, 'M'),
(1, 9, 18, 'M'),
(1, 9, 19, 'O'),
(1, 9, 20, 'O'),
(1, 9, 21, 'M'),
(1, 9, 22, 'M'),
(1, 9, 23, 'O'),
(1, 9, 24, 'M'),
(1, 9, 25, 'M'),
(1, 9, 26, 'M'),
(1, 9, 27, 'M'),
(1, 9, 28, 'M'),
(1, 9, 29, 'M'),
(1, 9, 30, 'M'),
(1, 9, 31, 'M'),
(1, 9, 32, 'O'),
(1, 9, 33, 'M'),
(1, 9, 34, 'M'),
(1, 9, 35, 'M'),
(1, 9, 36, 'M'),
(1, 9, 37, 'M'),
(1, 9, 38, 'M'),
(1, 9, 39, 'O'),
(1, 9, 40, 'M'),
(1, 9, 41, 'O'),
(1, 9, 42, '_'),
(1, 9, 43, 'M'),
(1, 9, 44, '|'),
(1, 9, 45, 'M'),
(1, 9, 46, 'M'),
(1, 9, 47, 'M'),
(1, 9, 48, 'M'),
(1, 10, 1, 'M'),
(1, 10, 2, 'M'),
(1, 10, 3, 'M'),
(1, 10, 4, 'M'),
(1, 10, 5, '|'),
(1, 10, 6, 'M'),
(1, 10, 7, 'M'),
(1, 10, 8, 'M'),
(1, 10, 9, 'O'),
(1, 10, 10, 'M'),
(1, 10, 11, 'M'),
(1, 10, 12, 'O'),
(1, 10, 13, 'M'),
(1, 10, 14, 'M'),
(1, 10, 15, 'M'),
(1, 10, 16, 'M'),
(1, 10, 17, 'M'),
(1, 10, 18, 'M'),
(1, 10, 19, 'M'),
(1, 10, 20, 'M'),
(1, 10, 21, 'O'),
(1, 10, 22, 'M'),
(1, 10, 23, 'M'),
(1, 10, 24, 'M'),
(1, 10, 25, 'M'),
(1, 10, 26, 'M'),
(1, 10, 27, 'O'),
(1, 10, 28, 'M'),
(1, 10, 29, '_'),
(1, 10, 30, 'O'),
(1, 10, 31, 'M'),
(1, 10, 32, 'M'),
(1, 10, 33, 'M'),
(1, 10, 34, 'M'),
(1, 10, 35, 'M'),
(1, 10, 36, 'M'),
(1, 10, 37, 'M'),
(1, 10, 38, 'M'),
(1, 10, 39, 'O'),
(1, 10, 40, 'M'),
(1, 10, 41, 'O'),
(1, 10, 42, 'O'),
(1, 10, 43, 'M'),
(1, 10, 44, '|'),
(1, 10, 45, 'M'),
(1, 10, 46, 'M'),
(1, 10, 47, 'M'),
(1, 10, 48, 'M'),
(1, 11, 1, 'M'),
(1, 11, 2, 'M'),
(1, 11, 3, 'M'),
(1, 11, 4, 'M'),
(1, 11, 5, '|'),
(1, 11, 6, '|'),
(1, 11, 7, '|'),
(1, 11, 8, '|'),
(1, 11, 9, '|'),
(1, 11, 10, '|'),
(1, 11, 11, '|'),
(1, 11, 12, '|'),
(1, 11, 13, '|'),
(1, 11, 14, '|'),
(1, 11, 15, '|'),
(1, 11, 16, '|'),
(1, 11, 17, '|'),
(1, 11, 18, '|'),
(1, 11, 19, '|'),
(1, 11, 20, '|'),
(1, 11, 21, '|'),
(1, 11, 22, '|'),
(1, 11, 23, '|'),
(1, 11, 24, '|'),
(1, 11, 25, '|'),
(1, 11, 26, '|'),
(1, 11, 27, '|'),
(1, 11, 28, '|'),
(1, 11, 29, '|'),
(1, 11, 30, '|'),
(1, 11, 31, '|'),
(1, 11, 32, '|'),
(1, 11, 33, '|'),
(1, 11, 34, '|'),
(1, 11, 35, '|'),
(1, 11, 36, 'M'),
(1, 11, 37, 'M'),
(1, 11, 38, 'M'),
(1, 11, 39, 'O'),
(1, 11, 40, 'M'),
(1, 11, 41, 'M'),
(1, 11, 42, 'O'),
(1, 11, 43, 'M'),
(1, 11, 44, '|'),
(1, 11, 45, 'M'),
(1, 11, 46, 'M'),
(1, 11, 47, 'M'),
(1, 11, 48, 'M'),
(1, 12, 1, 'M'),
(1, 12, 2, 'M'),
(1, 12, 3, 'M'),
(1, 12, 4, 'M'),
(1, 12, 5, '|'),
(1, 12, 6, 'M'),
(1, 12, 7, '_'),
(1, 12, 8, 'M'),
(1, 12, 9, 'M'),
(1, 12, 10, 'M'),
(1, 12, 11, 'O'),
(1, 12, 12, 'M'),
(1, 12, 13, 'M'),
(1, 12, 14, 'D'),
(1, 12, 15, 'M'),
(1, 12, 16, '_'),
(1, 12, 17, 'M'),
(1, 12, 18, 'M'),
(1, 12, 19, 'O'),
(1, 12, 20, 'M'),
(1, 12, 21, 'O'),
(1, 12, 22, 'M'),
(1, 12, 23, 'M'),
(1, 12, 24, 'M'),
(1, 12, 25, 'M'),
(1, 12, 26, 'M'),
(1, 12, 27, 'M'),
(1, 12, 28, 'M'),
(1, 12, 29, 'M'),
(1, 12, 30, 'M'),
(1, 12, 31, 'M'),
(1, 12, 32, 'D'),
(1, 12, 33, 'M'),
(1, 12, 34, 'O'),
(1, 12, 35, '_'),
(1, 12, 36, 'M'),
(1, 12, 37, 'M'),
(1, 12, 38, 'M'),
(1, 12, 39, 'M'),
(1, 12, 40, 'M'),
(1, 12, 41, 'M'),
(1, 12, 42, 'O'),
(1, 12, 43, 'M'),
(1, 12, 44, '|'),
(1, 12, 45, 'M'),
(1, 12, 46, 'M'),
(1, 12, 47, 'M'),
(1, 12, 48, 'M'),
(1, 13, 1, 'M'),
(1, 13, 2, 'M'),
(1, 13, 3, 'M'),
(1, 13, 4, 'M'),
(1, 13, 5, '|'),
(1, 13, 6, 'M'),
(1, 13, 7, 'M'),
(1, 13, 8, 'D'),
(1, 13, 9, 'M'),
(1, 13, 10, 'M'),
(1, 13, 11, 'M'),
(1, 13, 12, 'M'),
(1, 13, 13, 'M'),
(1, 13, 14, 'O'),
(1, 13, 15, 'M'),
(1, 13, 16, 'M'),
(1, 13, 17, 'M'),
(1, 13, 18, 'M'),
(1, 13, 19, 'M'),
(1, 13, 20, '_'),
(1, 13, 21, 'M'),
(1, 13, 22, 'M'),
(1, 13, 23, 'M'),
(1, 13, 24, 'M'),
(1, 13, 25, 'M'),
(1, 13, 26, 'M'),
(1, 13, 27, 'M'),
(1, 13, 28, 'M'),
(1, 13, 29, 'O'),
(1, 13, 30, '_'),
(1, 13, 31, '_'),
(1, 13, 32, 'O'),
(1, 13, 33, 'M'),
(1, 13, 34, 'M'),
(1, 13, 35, 'D'),
(1, 13, 36, 'M'),
(1, 13, 37, 'M'),
(1, 13, 38, 'M'),
(1, 13, 39, 'M'),
(1, 13, 40, 'O'),
(1, 13, 41, 'M'),
(1, 13, 42, 'M'),
(1, 13, 43, 'M'),
(1, 13, 44, '|'),
(1, 13, 45, 'M'),
(1, 13, 46, 'M'),
(1, 13, 47, 'M'),
(1, 13, 48, 'M'),
(1, 14, 1, 'M'),
(1, 14, 2, 'M'),
(1, 14, 3, 'M'),
(1, 14, 4, 'M'),
(1, 14, 5, '|'),
(1, 14, 6, 'M'),
(1, 14, 7, 'M'),
(1, 14, 8, 'M'),
(1, 14, 9, 'O'),
(1, 14, 10, 'M'),
(1, 14, 11, 'M'),
(1, 14, 12, 'O'),
(1, 14, 13, 'M'),
(1, 14, 14, 'O'),
(1, 14, 15, 'M'),
(1, 14, 16, 'M'),
(1, 14, 17, 'M'),
(1, 14, 18, 'M'),
(1, 14, 19, 'M'),
(1, 14, 20, 'M'),
(1, 14, 21, 'M'),
(1, 14, 22, 'M'),
(1, 14, 23, 'M'),
(1, 14, 24, 'M'),
(1, 14, 25, 'M'),
(1, 14, 26, 'M'),
(1, 14, 27, 'M'),
(1, 14, 28, 'M'),
(1, 14, 29, 'O'),
(1, 14, 30, 'O'),
(1, 14, 31, 'M'),
(1, 14, 32, 'O'),
(1, 14, 33, 'M'),
(1, 14, 34, 'M'),
(1, 14, 35, 'O'),
(1, 14, 36, 'M'),
(1, 14, 37, 'M'),
(1, 14, 38, 'M'),
(1, 14, 39, 'M'),
(1, 14, 40, 'M'),
(1, 14, 41, 'M'),
(1, 14, 42, 'M'),
(1, 14, 43, 'M'),
(1, 14, 44, '|'),
(1, 14, 45, 'M'),
(1, 14, 46, 'M'),
(1, 14, 47, 'M'),
(1, 14, 48, 'M'),
(1, 15, 1, 'M'),
(1, 15, 2, 'M'),
(1, 15, 3, 'M'),
(1, 15, 4, 'M'),
(1, 15, 5, '|'),
(1, 15, 6, 'M'),
(1, 15, 7, '_'),
(1, 15, 8, 'O'),
(1, 15, 9, 'M'),
(1, 15, 10, 'M'),
(1, 15, 11, 'M'),
(1, 15, 12, 'M'),
(1, 15, 13, 'O'),
(1, 15, 14, 'M'),
(1, 15, 15, 'M'),
(1, 15, 16, 'M'),
(1, 15, 17, 'M'),
(1, 15, 18, 'M'),
(1, 15, 19, 'M'),
(1, 15, 20, 'M'),
(1, 15, 21, 'M'),
(1, 15, 22, 'O'),
(1, 15, 23, 'O'),
(1, 15, 24, '_'),
(1, 15, 25, 'M'),
(1, 15, 26, 'M'),
(1, 15, 27, 'M'),
(1, 15, 28, 'M'),
(1, 15, 29, 'M'),
(1, 15, 30, 'M'),
(1, 15, 31, 'M'),
(1, 15, 32, 'O'),
(1, 15, 33, 'M'),
(1, 15, 34, 'M'),
(1, 15, 35, 'O'),
(1, 15, 36, 'M'),
(1, 15, 37, 'D'),
(1, 15, 38, 'M'),
(1, 15, 39, 'M'),
(1, 15, 40, 'M'),
(1, 15, 41, 'M'),
(1, 15, 42, '_'),
(1, 15, 43, 'M'),
(1, 15, 44, '|'),
(1, 15, 45, 'M'),
(1, 15, 46, 'M'),
(1, 15, 47, 'M'),
(1, 15, 48, 'M'),
(1, 16, 1, 'M'),
(1, 16, 2, 'M'),
(1, 16, 3, 'M'),
(1, 16, 4, 'M'),
(1, 16, 5, '|'),
(1, 16, 6, 'M'),
(1, 16, 7, 'O'),
(1, 16, 8, 'M'),
(1, 16, 9, 'M'),
(1, 16, 10, '_'),
(1, 16, 11, 'M'),
(1, 16, 12, 'M'),
(1, 16, 13, 'O'),
(1, 16, 14, 'M'),
(1, 16, 15, '_'),
(1, 16, 16, '_'),
(1, 16, 17, 'M'),
(1, 16, 18, 'M'),
(1, 16, 19, 'M'),
(1, 16, 20, 'M'),
(1, 16, 21, 'M'),
(1, 16, 22, 'O'),
(1, 16, 23, 'M'),
(1, 16, 24, 'O'),
(1, 16, 25, 'D'),
(1, 16, 26, 'M'),
(1, 16, 27, 'M'),
(1, 16, 28, 'D'),
(1, 16, 29, 'M'),
(1, 16, 30, 'M'),
(1, 16, 31, 'M'),
(1, 16, 32, 'M'),
(1, 16, 33, 'O'),
(1, 16, 34, 'M'),
(1, 16, 35, 'M'),
(1, 16, 36, 'M'),
(1, 16, 37, 'O'),
(1, 16, 38, 'M'),
(1, 16, 39, 'M'),
(1, 16, 40, 'D'),
(1, 16, 41, 'M'),
(1, 16, 42, 'O'),
(1, 16, 43, 'M'),
(1, 16, 44, '|'),
(1, 16, 45, 'M'),
(1, 16, 46, 'M'),
(1, 16, 47, 'M'),
(1, 16, 48, 'M'),
(1, 17, 1, 'M'),
(1, 17, 2, 'M'),
(1, 17, 3, 'M'),
(1, 17, 4, 'M'),
(1, 17, 5, '|'),
(1, 17, 6, 'M'),
(1, 17, 7, 'D'),
(1, 17, 8, 'O'),
(1, 17, 9, 'M'),
(1, 17, 10, 'M'),
(1, 17, 11, 'M'),
(1, 17, 12, 'M'),
(1, 17, 13, 'M'),
(1, 17, 14, 'M'),
(1, 17, 15, 'M'),
(1, 17, 16, 'M'),
(1, 17, 17, 'M'),
(1, 17, 18, 'M'),
(1, 17, 19, 'M'),
(1, 17, 20, 'M'),
(1, 17, 21, 'M'),
(1, 17, 22, 'M'),
(1, 17, 23, 'O'),
(1, 17, 24, 'O'),
(1, 17, 25, 'O'),
(1, 17, 26, 'M'),
(1, 17, 27, 'M'),
(1, 17, 28, 'O'),
(1, 17, 29, 'M'),
(1, 17, 30, 'M'),
(1, 17, 31, 'M'),
(1, 17, 32, 'M'),
(1, 17, 33, 'M'),
(1, 17, 34, 'M'),
(1, 17, 35, 'M'),
(1, 17, 36, 'M'),
(1, 17, 37, 'D'),
(1, 17, 38, 'M'),
(1, 17, 39, 'M'),
(1, 17, 40, 'M'),
(1, 17, 41, 'M'),
(1, 17, 42, 'M'),
(1, 17, 43, 'O'),
(1, 17, 44, '|'),
(1, 17, 45, 'M'),
(1, 17, 46, 'M'),
(1, 17, 47, 'M'),
(1, 17, 48, 'M'),
(1, 18, 1, 'M'),
(1, 18, 2, 'M'),
(1, 18, 3, 'M'),
(1, 18, 4, 'M'),
(1, 18, 5, '|'),
(1, 18, 6, 'M'),
(1, 18, 7, 'M'),
(1, 18, 8, 'M'),
(1, 18, 9, 'M'),
(1, 18, 10, 'M'),
(1, 18, 11, 'M'),
(1, 18, 12, 'M'),
(1, 18, 13, 'M'),
(1, 18, 14, '|'),
(1, 18, 15, '|'),
(1, 18, 16, '|'),
(1, 18, 17, '|'),
(1, 18, 18, '|'),
(1, 18, 19, '|'),
(1, 18, 20, '|'),
(1, 18, 21, '|'),
(1, 18, 22, '|'),
(1, 18, 23, '|'),
(1, 18, 24, '|'),
(1, 18, 25, '|'),
(1, 18, 26, '|'),
(1, 18, 27, '|'),
(1, 18, 28, '|'),
(1, 18, 29, '|'),
(1, 18, 30, '|'),
(1, 18, 31, '|'),
(1, 18, 32, '|'),
(1, 18, 33, '|'),
(1, 18, 34, '|'),
(1, 18, 35, '|'),
(1, 18, 36, '|'),
(1, 18, 37, '|'),
(1, 18, 38, '|'),
(1, 18, 39, '|'),
(1, 18, 40, '|'),
(1, 18, 41, '|'),
(1, 18, 42, '|'),
(1, 18, 43, '|'),
(1, 18, 44, '|'),
(1, 18, 45, 'M'),
(1, 18, 46, 'M'),
(1, 18, 47, 'M'),
(1, 18, 48, 'M'),
(1, 19, 1, 'M'),
(1, 19, 2, 'M'),
(1, 19, 3, 'M'),
(1, 19, 4, 'M'),
(1, 19, 5, '|'),
(1, 19, 6, '_'),
(1, 19, 7, '_'),
(1, 19, 8, 'M'),
(1, 19, 9, 'M'),
(1, 19, 10, 'M'),
(1, 19, 11, 'M'),
(1, 19, 12, 'M'),
(1, 19, 13, 'M'),
(1, 19, 14, 'M'),
(1, 19, 15, 'M'),
(1, 19, 16, 'M'),
(1, 19, 17, '_'),
(1, 19, 18, 'M'),
(1, 19, 19, 'M'),
(1, 19, 20, 'M'),
(1, 19, 21, 'D'),
(1, 19, 22, 'M'),
(1, 19, 23, 'M'),
(1, 19, 24, 'M'),
(1, 19, 25, 'M'),
(1, 19, 26, 'O'),
(1, 19, 27, 'M'),
(1, 19, 28, 'M'),
(1, 19, 29, 'M'),
(1, 19, 30, 'M'),
(1, 19, 31, 'M'),
(1, 19, 32, 'O'),
(1, 19, 33, 'M'),
(1, 19, 34, 'M'),
(1, 19, 35, 'M'),
(1, 19, 36, 'O'),
(1, 19, 37, 'M'),
(1, 19, 38, 'M'),
(1, 19, 39, 'M'),
(1, 19, 40, 'M'),
(1, 19, 41, 'M'),
(1, 19, 42, 'M'),
(1, 19, 43, 'M'),
(1, 19, 44, '|'),
(1, 19, 45, 'M'),
(1, 19, 46, 'M'),
(1, 19, 47, 'M'),
(1, 19, 48, 'M'),
(1, 20, 1, 'M'),
(1, 20, 2, 'M'),
(1, 20, 3, 'M'),
(1, 20, 4, 'M'),
(1, 20, 5, '|'),
(1, 20, 6, 'O'),
(1, 20, 7, 'O'),
(1, 20, 8, 'M'),
(1, 20, 9, 'M'),
(1, 20, 10, 'M'),
(1, 20, 11, 'M'),
(1, 20, 12, 'M'),
(1, 20, 13, 'M'),
(1, 20, 14, 'M'),
(1, 20, 15, 'M'),
(1, 20, 16, 'M'),
(1, 20, 17, 'O'),
(1, 20, 18, 'O'),
(1, 20, 19, 'M'),
(1, 20, 20, 'M'),
(1, 20, 21, 'O'),
(1, 20, 22, 'M'),
(1, 20, 23, 'M'),
(1, 20, 24, 'M'),
(1, 20, 25, 'M'),
(1, 20, 26, 'M'),
(1, 20, 27, 'M'),
(1, 20, 28, 'M'),
(1, 20, 29, 'M'),
(1, 20, 30, 'O'),
(1, 20, 31, 'M'),
(1, 20, 32, 'M'),
(1, 20, 33, 'M'),
(1, 20, 34, 'M'),
(1, 20, 35, 'M'),
(1, 20, 36, 'M'),
(1, 20, 37, 'O'),
(1, 20, 38, 'M'),
(1, 20, 39, 'O'),
(1, 20, 40, '_'),
(1, 20, 41, 'M'),
(1, 20, 42, 'M'),
(1, 20, 43, 'E'),
(1, 20, 44, '|'),
(1, 20, 45, 'M'),
(1, 20, 46, 'M'),
(1, 20, 47, 'M'),
(1, 20, 48, 'M'),
(1, 21, 1, 'M'),
(1, 21, 2, 'M'),
(1, 21, 3, 'M'),
(1, 21, 4, 'M'),
(1, 21, 5, '|'),
(1, 21, 6, 'M'),
(1, 21, 7, 'O'),
(1, 21, 8, 'M'),
(1, 21, 9, 'M'),
(1, 21, 10, 'O'),
(1, 21, 11, 'M'),
(1, 21, 12, 'M'),
(1, 21, 13, 'M'),
(1, 21, 14, 'M'),
(1, 21, 15, 'M'),
(1, 21, 16, 'M'),
(1, 21, 17, 'M'),
(1, 21, 18, 'M'),
(1, 21, 19, 'O'),
(1, 21, 20, 'M'),
(1, 21, 21, 'M'),
(1, 21, 22, 'M'),
(1, 21, 23, 'M'),
(1, 21, 24, 'M'),
(1, 21, 25, 'O'),
(1, 21, 26, 'M'),
(1, 21, 27, '_'),
(1, 21, 28, '_'),
(1, 21, 29, 'M'),
(1, 21, 30, 'M'),
(1, 21, 31, 'M'),
(1, 21, 32, 'M'),
(1, 21, 33, 'D'),
(1, 21, 34, 'M'),
(1, 21, 35, 'M'),
(1, 21, 36, 'M'),
(1, 21, 37, 'O'),
(1, 21, 38, 'M'),
(1, 21, 39, 'O'),
(1, 21, 40, 'O'),
(1, 21, 41, 'M'),
(1, 21, 42, 'M'),
(1, 21, 43, 'M'),
(1, 21, 44, '|'),
(1, 21, 45, 'M'),
(1, 21, 46, 'M'),
(1, 21, 47, 'M'),
(1, 21, 48, 'M'),
(1, 22, 1, 'M'),
(1, 22, 2, 'M'),
(1, 22, 3, 'M'),
(1, 22, 4, 'M'),
(1, 22, 5, '|'),
(1, 22, 6, 'M'),
(1, 22, 7, 'M'),
(1, 22, 8, 'M'),
(1, 22, 9, 'M'),
(1, 22, 10, 'O'),
(1, 22, 11, 'D'),
(1, 22, 12, 'M'),
(1, 22, 13, 'M'),
(1, 22, 14, '_'),
(1, 22, 15, 'M'),
(1, 22, 16, 'M'),
(1, 22, 17, 'M'),
(1, 22, 18, 'M'),
(1, 22, 19, 'M'),
(1, 22, 20, 'M'),
(1, 22, 21, 'M'),
(1, 22, 22, 'M'),
(1, 22, 23, 'O'),
(1, 22, 24, 'M'),
(1, 22, 25, 'M'),
(1, 22, 26, 'M'),
(1, 22, 27, 'M'),
(1, 22, 28, 'M'),
(1, 22, 29, 'M'),
(1, 22, 30, 'O'),
(1, 22, 31, 'M'),
(1, 22, 32, 'O'),
(1, 22, 33, 'D'),
(1, 22, 34, 'M'),
(1, 22, 35, 'M'),
(1, 22, 36, 'M'),
(1, 22, 37, 'M'),
(1, 22, 38, 'M'),
(1, 22, 39, 'M'),
(1, 22, 40, 'O'),
(1, 22, 41, 'M'),
(1, 22, 42, 'M'),
(1, 22, 43, 'M'),
(1, 22, 44, '|'),
(1, 22, 45, 'M'),
(1, 22, 46, 'M'),
(1, 22, 47, 'M'),
(1, 22, 48, 'M'),
(1, 23, 1, 'M'),
(1, 23, 2, 'M'),
(1, 23, 3, 'M'),
(1, 23, 4, 'M'),
(1, 23, 5, '|'),
(1, 23, 6, 'M'),
(1, 23, 7, 'M'),
(1, 23, 8, 'M'),
(1, 23, 9, '_'),
(1, 23, 10, 'M'),
(1, 23, 11, 'M'),
(1, 23, 12, '_'),
(1, 23, 13, 'M'),
(1, 23, 14, 'O'),
(1, 23, 15, 'M'),
(1, 23, 16, 'M'),
(1, 23, 17, 'O'),
(1, 23, 18, 'M'),
(1, 23, 19, 'O'),
(1, 23, 20, 'O'),
(1, 23, 21, 'M'),
(1, 23, 22, 'M'),
(1, 23, 23, 'M'),
(1, 23, 24, 'M'),
(1, 23, 25, 'M'),
(1, 23, 26, 'M'),
(1, 23, 27, 'M'),
(1, 23, 28, 'M'),
(1, 23, 29, 'M'),
(1, 23, 30, 'O'),
(1, 23, 31, 'M'),
(1, 23, 32, 'O'),
(1, 23, 33, 'D'),
(1, 23, 34, 'M'),
(1, 23, 35, 'M'),
(1, 23, 36, 'M'),
(1, 23, 37, 'M'),
(1, 23, 38, 'M'),
(1, 23, 39, 'M'),
(1, 23, 40, 'O'),
(1, 23, 41, 'M'),
(1, 23, 42, 'M'),
(1, 23, 43, 'O'),
(1, 23, 44, '|'),
(1, 23, 45, 'M'),
(1, 23, 46, 'M'),
(1, 23, 47, 'M'),
(1, 23, 48, 'M'),
(1, 24, 1, 'M'),
(1, 24, 2, 'M'),
(1, 24, 3, 'M'),
(1, 24, 4, 'M'),
(1, 24, 5, '|'),
(1, 24, 6, 'M'),
(1, 24, 7, 'D'),
(1, 24, 8, 'M'),
(1, 24, 9, 'M'),
(1, 24, 10, 'M'),
(1, 24, 11, 'M'),
(1, 24, 12, 'O'),
(1, 24, 13, 'M'),
(1, 24, 14, 'M'),
(1, 24, 15, 'M'),
(1, 24, 16, 'M'),
(1, 24, 17, 'M'),
(1, 24, 18, '_'),
(1, 24, 19, 'M'),
(1, 24, 20, 'M'),
(1, 24, 21, 'M'),
(1, 24, 22, 'M'),
(1, 24, 23, 'M'),
(1, 24, 24, 'M'),
(1, 24, 25, 'M'),
(1, 24, 26, 'M'),
(1, 24, 27, 'M'),
(1, 24, 28, '_'),
(1, 24, 29, 'M'),
(1, 24, 30, 'O'),
(1, 24, 31, 'M'),
(1, 24, 32, 'M'),
(1, 24, 33, 'O'),
(1, 24, 34, 'M'),
(1, 24, 35, 'O'),
(1, 24, 36, 'M'),
(1, 24, 37, 'M'),
(1, 24, 38, 'M'),
(1, 24, 39, 'M'),
(1, 24, 40, 'M'),
(1, 24, 41, 'M'),
(1, 24, 42, 'O'),
(1, 24, 43, 'M'),
(1, 24, 44, '|'),
(1, 24, 45, 'M'),
(1, 24, 46, 'M'),
(1, 24, 47, 'M'),
(1, 24, 48, 'M'),
(1, 25, 1, 'M'),
(1, 25, 2, 'M'),
(1, 25, 3, 'M'),
(1, 25, 4, 'M'),
(1, 25, 5, '|'),
(1, 25, 6, '|'),
(1, 25, 7, '|'),
(1, 25, 8, '|'),
(1, 25, 9, '|'),
(1, 25, 10, '|'),
(1, 25, 11, '|'),
(1, 25, 12, '|'),
(1, 25, 13, '|'),
(1, 25, 14, '|'),
(1, 25, 15, '|'),
(1, 25, 16, '|'),
(1, 25, 17, '|'),
(1, 25, 18, '|'),
(1, 25, 19, '|'),
(1, 25, 20, '|'),
(1, 25, 21, '|'),
(1, 25, 22, '|'),
(1, 25, 23, '|'),
(1, 25, 24, '|'),
(1, 25, 25, '|'),
(1, 25, 26, '|'),
(1, 25, 27, '|'),
(1, 25, 28, '|'),
(1, 25, 29, '|'),
(1, 25, 30, '|'),
(1, 25, 31, '|'),
(1, 25, 32, '|'),
(1, 25, 33, '|'),
(1, 25, 34, '|'),
(1, 25, 35, '|'),
(1, 25, 36, '|'),
(1, 25, 37, '|'),
(1, 25, 38, '|'),
(1, 25, 39, '|'),
(1, 25, 40, '|'),
(1, 25, 41, '|'),
(1, 25, 42, '|'),
(1, 25, 43, '|'),
(1, 25, 44, '|'),
(1, 25, 45, 'M'),
(1, 25, 46, 'M'),
(1, 25, 47, 'M'),
(1, 25, 48, 'M'),
(1, 26, 1, 'M'),
(1, 26, 2, 'M'),
(1, 26, 3, 'M'),
(1, 26, 4, 'M'),
(1, 26, 5, 'M'),
(1, 26, 6, 'M'),
(1, 26, 7, 'M'),
(1, 26, 8, 'M'),
(1, 26, 9, 'M'),
(1, 26, 10, 'M'),
(1, 26, 11, 'M'),
(1, 26, 12, 'M'),
(1, 26, 13, 'M'),
(1, 26, 14, 'M'),
(1, 26, 15, 'M'),
(1, 26, 16, 'M'),
(1, 26, 17, 'M'),
(1, 26, 18, 'M'),
(1, 26, 19, 'M'),
(1, 26, 20, 'M'),
(1, 26, 21, 'M'),
(1, 26, 22, 'M'),
(1, 26, 23, 'M'),
(1, 26, 24, 'M'),
(1, 26, 25, 'M'),
(1, 26, 26, 'M'),
(1, 26, 27, 'M'),
(1, 26, 28, 'M'),
(1, 26, 29, 'M'),
(1, 26, 30, 'M'),
(1, 26, 31, 'M'),
(1, 26, 32, 'M'),
(1, 26, 33, 'M'),
(1, 26, 34, 'M'),
(1, 26, 35, 'M'),
(1, 26, 36, 'M'),
(1, 26, 37, 'M'),
(1, 26, 38, 'M'),
(1, 26, 39, 'M'),
(1, 26, 40, 'M'),
(1, 26, 41, 'M'),
(1, 26, 42, 'M'),
(1, 26, 43, 'M'),
(1, 26, 44, 'M'),
(1, 26, 45, 'M'),
(1, 26, 46, 'M'),
(1, 26, 47, 'M'),
(1, 26, 48, 'M'),
(1, 27, 1, 'M'),
(1, 27, 2, 'M'),
(1, 27, 3, 'M'),
(1, 27, 4, 'M'),
(1, 27, 5, 'M'),
(1, 27, 6, 'M'),
(1, 27, 7, 'M'),
(1, 27, 8, 'M'),
(1, 27, 9, 'M'),
(1, 27, 10, 'M'),
(1, 27, 11, 'M'),
(1, 27, 12, 'M'),
(1, 27, 13, 'M'),
(1, 27, 14, 'M'),
(1, 27, 15, 'M'),
(1, 27, 16, 'M'),
(1, 27, 17, 'M'),
(1, 27, 18, 'M'),
(1, 27, 19, 'M'),
(1, 27, 20, 'M'),
(1, 27, 21, 'M'),
(1, 27, 22, 'M'),
(1, 27, 23, 'M'),
(1, 27, 24, 'M'),
(1, 27, 25, 'M'),
(1, 27, 26, 'M'),
(1, 27, 27, 'M'),
(1, 27, 28, 'M'),
(1, 27, 29, 'M'),
(1, 27, 30, 'M'),
(1, 27, 31, 'M'),
(1, 27, 32, 'M'),
(1, 27, 33, 'M'),
(1, 27, 34, 'M'),
(1, 27, 35, 'M'),
(1, 27, 36, 'M'),
(1, 27, 37, 'M'),
(1, 27, 38, 'M'),
(1, 27, 39, 'M'),
(1, 27, 40, 'M'),
(1, 27, 41, 'M'),
(1, 27, 42, 'M'),
(1, 27, 43, 'M'),
(1, 27, 44, 'M'),
(1, 27, 45, 'M'),
(1, 27, 46, 'M'),
(1, 27, 47, 'M'),
(1, 27, 48, 'M'),
(1, 28, 1, 'M'),
(1, 28, 2, 'M'),
(1, 28, 3, 'M'),
(1, 28, 4, 'M'),
(1, 28, 5, 'M'),
(1, 28, 6, 'M'),
(1, 28, 7, 'M'),
(1, 28, 8, 'M'),
(1, 28, 9, 'M'),
(1, 28, 10, 'M'),
(1, 28, 11, 'M'),
(1, 28, 12, 'M'),
(1, 28, 13, 'M'),
(1, 28, 14, 'M'),
(1, 28, 15, 'M'),
(1, 28, 16, 'M'),
(1, 28, 17, 'M'),
(1, 28, 18, 'M'),
(1, 28, 19, 'M'),
(1, 28, 20, 'M'),
(1, 28, 21, 'M'),
(1, 28, 22, 'M'),
(1, 28, 23, 'M'),
(1, 28, 24, 'M'),
(1, 28, 25, 'M'),
(1, 28, 26, 'M'),
(1, 28, 27, 'M'),
(1, 28, 28, 'M'),
(1, 28, 29, 'M'),
(1, 28, 30, 'M'),
(1, 28, 31, 'M'),
(1, 28, 32, 'M'),
(1, 28, 33, 'M'),
(1, 28, 34, 'M'),
(1, 28, 35, 'M'),
(1, 28, 36, 'M'),
(1, 28, 37, 'M'),
(1, 28, 38, 'M'),
(1, 28, 39, 'M'),
(1, 28, 40, 'M'),
(1, 28, 41, 'M'),
(1, 28, 42, 'M'),
(1, 28, 43, 'M'),
(1, 28, 44, 'M'),
(1, 28, 45, 'M'),
(1, 28, 46, 'M'),
(1, 28, 47, 'M'),
(1, 28, 48, 'M');

-- --------------------------------------------------------

--
-- Structure de la table `level2`
--

CREATE TABLE `level2` (
  `levelnum` int(11) NOT NULL,
  `linenum` int(11) NOT NULL,
  `elements` varchar(100) NOT NULL
) ENGINE=InnoDB DEFAULT CHARSET=utf8;

--
-- Contenu de la table `level2`
--

INSERT INTO `level2` (`levelnum`, `linenum`, `elements`) VALUES
(1, 1, 'MMMMMMMMMMMMMMMMMMMMMMMMMMMM'),
(1, 2, 'MMMMMMMMMMMMMMMMMMMMMMMMMMMM'),
(1, 3, 'MMMMMMMMMMMMMMMMMMMMMMMMMMMM'),
(1, 4, 'MMMMMMMMMMMMMMMMMMMMMMMMMMMM'),
(1, 5, 'MMM||||||||||||||||||||||MMM'),
(1, 6, 'MMM|MMMOOM|MMMMMMM_OMMMM|MMM'),
(1, 7, 'MMM|MOMMMM|_MM_ODM_OOMMD|MMM'),
(1, 8, 'MMM|MHM_OM|MDMOMOMMMMMMM|MMM'),
(1, 9, 'MMM|MOM_OO|MMOMMMMMMMM_M|MMM'),
(1, 10, 'MMM|MMMMMM|MMMM_MMMMOOMM|MMM'),
(1, 11, 'MMM|MMMMMM|OMMMMMMMMMDMM|MMM'),
(1, 12, 'MMM|_MMMMO|MMOMMMMMMMM_O|MMM'),
(1, 13, 'MMM|MMMMMM|MMMOOMMMMMMMM|MMM'),
(1, 14, 'MMM|MMMMMM|DOOMMM|MMM_OM|MMM'),
(1, 15, 'MMM|DMMMMM|MMMM_M|MMMMMM|MMM'),
(1, 16, 'MMM|M__MMM|_MMM_M|MMMMMM|MMM'),
(1, 17, 'MMM|OMMMMM|MMMMMM|_OMMOM|MMM'),
(1, 18, 'MMM|_MMMMM|MMMMMM|MOMMM_|MMM'),
(1, 19, 'MMM|MM_OOM|OMMMMM|MMOMOM|MMM'),
(1, 20, 'MMM|MMMMOM|M_MMMM|MMMMOM|MMM'),
(1, 21, 'MMM|MMMMMO|OMMMMM|DOMMMM|MMM'),
(1, 22, 'MMM|MMMMMM|MMMOOM|MMMMMM|MMM'),
(1, 23, 'MMM|MMMMOM|MMMOMO|MMMOMM|MMM'),
(1, 24, 'MMM|OMMMMM|MMM_OO|MMMMMM|MMM'),
(1, 25, 'MMM|MMOMMM|MMMMDO|MMOMMM|MMM'),
(1, 26, 'MMM|OOMOMM|MMMMMM|OMMMMM|MMM'),
(1, 27, 'MMM|MDOMMO|MMMMMM|MM_MMM|MMM'),
(1, 28, 'MMM|MMMMMM|MMMMDO|MM_MM_|MMM'),
(1, 29, 'MMM|MMMOM_|MOOMMM|MMMMMM|MMM'),
(1, 30, 'MMM|MOOMMO|M_OMMM|MOMOOO|MMM'),
(1, 31, 'MMM|MMMMMM|M_MMMM|MMMMMM|MMM'),
(1, 32, 'MMM|MMMMOM|DOOOMM|OMMOOM|MMM'),
(1, 33, 'MMM|MMMMMM|MMMMOM|MMDDDO|MMM'),
(1, 34, 'MMM|_MMOMM|OMMMMM|MMMMMM|MMM'),
(1, 35, 'MMM|M_MMMM|_DOOMM|MMMMMO|MMM'),
(1, 36, 'MMM|MMMMMMMMMMMMM|OMMMMM|MMM'),
(1, 37, 'MMM|MMMMMMMMMMDOD|MOOMMM|MMM'),
(1, 38, 'MMM|MMMOMMMMMMMMM|MMMMMM|MMM'),
(1, 39, 'MMM|OMOMOOOMMMMMM|MOOMMM|MMM'),
(1, 40, 'MMM|MMMMMMMMOMMDM|M_OOOM|MMM'),
(1, 41, 'MMM|M_MMOOMMMMMMM|MMMMMM|MMM'),
(1, 42, 'MMM|MMMM_OOOMM_OM|MMMMMO|MMM'),
(1, 43, 'MMM|MMMMMMMMMMMMO|MEMMOM|MMM'),
(1, 44, 'MMM||||||||||||||||||||||MMM'),
(1, 45, 'MMMMMMMMMMMMMMMMMMMMMMMMMMMM'),
(1, 46, 'MMMMMMMMMMMMMMMMMMMMMMMMMMMM'),
(1, 47, 'MMMMMMMMMMMMMMMMMMMMMMMMMMMM'),
(1, 48, 'MMMMMMMMMMMMMMMMMMMMMMMMMMMM');

-- --------------------------------------------------------

--
-- Structure de la table `level3`
--

CREATE TABLE `level3` (
  `level` int(11) NOT NULL,
  `map` varchar(2000) NOT NULL
) ENGINE=InnoDB DEFAULT CHARSET=utf8;

--
-- Contenu de la table `level3`
--

INSERT INTO `level3` (`level`, `map`) VALUES
(1, 'MMMMMMMMMMMMMMMMMMMMMMMMMMMMMMMMMMMMMMMMMMMMMMMMMMMMMMMMMMMMMMMMMMMMMMMMMMMMMMMMMMMMMMMMMMMMMMMMMMMMMMMMMMMMMMMMMMMMMMMMMMMMMMMMMMMMMMMMMMMMMMMMMMMM||||||||||||||||||||||||||||||||||||||||MMMMMMMM|MMMMMM_MMDMO_MMMMMOMOMMMMMMM_MMMMOMMMM|MMMM\r\nMMMM|MOHOMMMMMM_MMMMMMMMMODMMOMMMM_MMMMM_MM|MMMMMMMM|MMMMMMMMMM_MM_MMMMMOMOMMOMMMMMMMMOMMMM|MMMMMMMM|OM__MMMMMMMMMOMMMMMMOMMOMMMMOMMMOMMMMM|MMMMMMMM|OMOOMMMMMMMMMOOMMOMMMMMMMMOMMMMMMOMO_M|MMMMMMMM|MMMOMMOMMMMMMMMOMMMMMOM_OMMMMMMMMOMOOM|MMMM\r\nMMMM|||||||||||||||||||||||||||||||MMMOMMOM|MMMMMMMM|M_MMMOMMDM_MMOMOMMMMMMMMMMDMO_MMMMMMOM|MMMMMMMM|MMDMMMMMOMMMMM_MMMMMMMMO__OMMDMMMMOMMM|MMMMMMMM|MMMOMMOMOMMMMMMMMMMMMMMOOMOMMOMMMMMMMM|MMMMMMMM|M_OMMMMOMMMMMMMMOO_MMMMMMMOMMOMDMMMM_M|MMMMMMMM|MOMM_MMOM__MMMMMOMODMMDMMMMOMMMOMMDMOM|MMMMMMMM|MDOMMMMMMMMMMMMMMOOOMMOMMMMMMMMDMMMMMO|MMMMMMMM|MMMMMMMM|||||||||||||||||||||||||||||||MMMMMMMM|__MMMMMMMMM_MMMDMMMMOMMMMMOMMMOMMMMMMM|MMMMMMMM|OOMMMMMMMMMOOMMOMMMMMMMMOMMMMMMOMO_MME|MMMMMMMM|MOMMOMMMMMMMMOMMMMMOM__MMMMDMMMOMOOMMM|MMMMMMMM|MMMMODMM_MMMMMMMMOMMMMMMOMODMMMMMMOMMM|MMMMMMMM|MMM_MM_MOMMOMOOMMMMMMMMMOMODMMMMMMOMMO|MMMMMMMM|MDMMMMOMMMMM_MMMMMMMMM_MOMMOMOMMMMMMOM|MMMMMMMM||||||||||||||||||||||||||||||||||||||||MMMMMMMMMMMMMMMMMMMMMMMMMMMMMMMMMMMMMMMMMMMMMMMMMMMMMMMMMMMMMMMMMMMMMMMMMMMMMMMMMMMMMMMMMMMMMMMMMMMMMMMMMMMMMMMMMMMMMMMMMMMMMMMMMMMMMMMMMMMMMMMMMMMM');

--
-- Index pour les tables exportées
--

--
-- Index pour la table `example`
--
ALTER TABLE `example`
  ADD PRIMARY KEY (`id`);

--
-- Index pour la table `infolevel`
--
ALTER TABLE `infolevel`
  ADD PRIMARY KEY (`Level`);

--
-- Index pour la table `level`
--
ALTER TABLE `level`
  ADD PRIMARY KEY (`levelNum`,`line`,`column`);

--
-- Index pour la table `level2`
--
ALTER TABLE `level2`
  ADD PRIMARY KEY (`levelnum`,`linenum`);

--
-- Index pour la table `level3`
--
ALTER TABLE `level3`
  ADD PRIMARY KEY (`level`);

--
-- AUTO_INCREMENT pour les tables exportées
--

--
-- AUTO_INCREMENT pour la table `example`
--
ALTER TABLE `example`
  MODIFY `id` int(11) NOT NULL AUTO_INCREMENT, AUTO_INCREMENT=6;
--
-- Contraintes pour les tables exportées
--

--
-- Contraintes pour la table `level`
--
ALTER TABLE `level`
  ADD CONSTRAINT `level_ibfk_1` FOREIGN KEY (`levelNum`) REFERENCES `infolevel` (`Level`);

/*!40101 SET CHARACTER_SET_CLIENT=@OLD_CHARACTER_SET_CLIENT */;
/*!40101 SET CHARACTER_SET_RESULTS=@OLD_CHARACTER_SET_RESULTS */;
/*!40101 SET COLLATION_CONNECTION=@OLD_COLLATION_CONNECTION */;
